{
	"background_color":	[0,0,0],
	"ambient_light":	[0.18000000715255737, 0.15999999642372131, 0.20000000298023224],
	"camera_position":	[-300, 90, -150],
	"camera_target":	[0, 40, 0],
	"camera_fov":	60,
	"skybox":	"night.hdre",
	"entities":	[{
			"name":	"floor",
			"layers":	3,
			"position":	[0, 0, 0],
			"scale":	[10, 10, 10],
			"rotation":	[0, 0, 0, 1],
			"filename":	"prefabs/road/road.gltf",
			"type":	"PREFAB"
		}, {
			"name":	"floor2",
			"layers":	3,
			"position":	[0, 0, 300],
			"scale":	[10, 10, 10],
			"rotation":	[0, 0, 0, 1],
			"filename":	"prefabs/road/road.gltf",
			"type":	"PREFAB"
		}, {
			"name":	"floor3",
			"layers":	3,
			"position":	[0, 0, -300],
			"scale":	[10, 10, 10],
			"rotation":	[0, 0, 0, 1],
			"filename":	"prefabs/road/road.gltf",
			"type":	"PREFAB"
		}, {
			"name":	"car1",
			"layers":	3,
			"position":	[-80, 0, -100],
			"scale":	[1, 1, 1],
			"rotation":	[0, 0.38268345594406128, 0, 0.92387950420379639],
			"filename":	"prefabs/gmc/scene.gltf",
			"type":	"PREFAB"
		}, {
			"name":	"car2",
			"layers":	3,
			"position":	[-50, 0, 233],
			"scale":	[1.0000002384185791, 1, 1.0000002384185791],
			"rotation":	[0, 0.98480772972106934, 0, 0.17364828288555145],
			"filename":	"prefabs/gmc/scene.gltf",
			"type":	"PREFAB"
		}, {
			"name":	"house",
			"layers":	3,
			"position":	[300, 8, 200],
			"scale":	[0.40000000596046448, 0.40000000596046448, 0.40000000596046448],
			"rotation":	[0, 0, 0, 1],
			"filename":	"prefabs/house_test/scene.gltf",
			"type":	"PREFAB"
		}, {
			"name":	"sign",
			"layers":	3,
			"position":	[118, 48, -400],
			"scale":	[60.000026702880859, 59.999996185302734, 60.000026702880859],
			"rotation":	[0, 0.83583474159240723, 0, 0.54898107051849365],
			"filename":	"prefabs/sign.glb",
			"type":	"PREFAB"
		}, {
			"name":	"house",
			"layers":	3,
			"position":	[300, 20, -200],
			"scale":	[0.40000000596046448, 0.40000000596046448, 0.40000000596046448],
			"rotation":	[0, 0, 0, 1],
			"filename":	"prefabs/house_test/scene.gltf",
			"type":	"PREFAB"
		}, {
			"name":	"trash",
			"layers":	3,
			"position":	[140, 10, 110],
			"scale":	[0.5, 0.5, 0.5],
			"rotation":	[0, 0, 0, 1],
			"filename":	"prefabs/trash_can/scene.gltf",
			"type":	"PREFAB"
		}, {
			"name":	"tree",
			"layers":	3,
			"position":	[47.999969482421875, 9, 374.00009155273438],
			"scale":	[111.23703002929688, 111.23711395263672, 111.23703002929688],
			"rotation":	[-1.55948136348893e-11, 0.99983739852905273, -1.55947841445903e-11, 0.0180355124175549],
			"filename":	"prefabs/tree.glb",
			"type":	"PREFAB"
		}, {
			"name":	"spot",
			"layers":	3,
			"position":	[0, 36, -16],
			"scale":	[1.0000005960464478, 1, 1.0000005960464478],
			"rotation":	[-1.18892398859316e-06, 0.92387938499450684, -1.18892421596684e-06, -0.38268387317657471],
			"color":	[1, 0.89999997615814209, 0.800000011920929],
			"intensity":	1.2680000066757202,
			"max_dist":	1000,
			"cast_shadows":	true,
			"near_dist":	1,
			"cone_start":	25,
			"cone_end":	39.049999237060547,
			"light_type":	"SPOT",
			"type":	"LIGHT"
		}, {
			"name":	"pointlight",
			"layers":	3,
			"position":	[-187, 38, -156],
			"scale":	[1, 1, 1],
			"rotation":	[0, 0, 0, 1],
			"color":	[1, 0.20000000298023224, 0.10000000149011612],
			"intensity":	2.5,
			"max_dist":	70,
			"cast_shadows":	false,
			"near_dist":	0.10000000149011612,
			"light_type":	"POINT",
			"type":	"LIGHT"
		}, {
			"name":	"pointlight2",
			"layers":	3,
			"position":	[-131, 38, -210],
			"scale":	[1, 1, 1],
			"rotation":	[0, 0, 0, 1],
			"color":	[1, 0.20000000298023224, 0.10000000149011612],
			"intensity":	2.5,
			"max_dist":	70,
			"cast_shadows":	false,
			"near_dist":	0.10000000149011612,
			"light_type":	"POINT",
			"type":	"LIGHT"
		}, {
			"name":	"moonlight",
			"layers":	3,
			"position":	[150, 300, 50],
			"scale":	[1, 1.0000001192092896, 1],
			"rotation":	[-0.3541179895401001, 0.49672037363052368, 0.23217633366584778, 0.75760382413864136],
			"color":	[0.10000000149011612, 0.20000000298023224, 0.40000000596046448],
			"intensity":	1.5,
			"max_dist":	1000,
			"cast_shadows":	true,
			"near_dist":	-500,
			"area":	1000,
			"light_type":	"DIRECTIONAL",
			"type":	"LIGHT"
		}]
}