{
	"background_color":	[0,0,0],
	"ambient_light":	[0.18000000715255737, 0.15999999642372131, 0.20000000298023224],
	"camera_position":	[-300, 90, -150],
	"camera_target":	[0, 40, 0],
	"camera_fov":	60,
	"skybox":	"night.hdre",
	"entities":	[{
			"name":	"floor",
			"layers":	3,
			"position":	[0, 0, 0],
			"scale":	[10, 10, 10],
			"rotation":	[0, 0, 0, 1],
			"filename":	"prefabs/road/road.gltf",
			"type":	"PREFAB"
		}, {
			"name":	"floor2",
			"layers":	3,
			"position":	[0, 0, 300],
			"scale":	[10, 10, 10],
			"rotation":	[0, 0, 0, 1],
			"filename":	"prefabs/road/road.gltf",
			"type":	"PREFAB"
		}, {
			"name":	"floor3",
			"layers":	3,
			"position":	[0, 0, -300],
			"scale":	[10, 10, 10],
			"rotation":	[0, 0, 0, 1],
			"filename":	"prefabs/road/road.gltf",
			"type":	"PREFAB"
		}, {
			"name":	"car1",
			"layers":	3,
			"position":	[-80, 0, -100],
			"scale":	[1, 1, 1],
			"rotation":	[0, 0.38268345594406128, 0, 0.92387950420379639],
			"filename":	"prefabs/gmc/scene.gltf",
			"type":	"PREFAB"
		}, {
			"name":	"car2",
			"layers":	3,
			"position":	[-50, 0, 233],
			"scale":	[1.0000002384185791, 1, 1.0000002384185791],
			"rotation":	[0, 0.98480772972106934, 0, 0.173648253083229],
			"filename":	"prefabs/gmc/scene.gltf",
			"type":	"PREFAB"
		}, {
			"name":	"house",
			"layers":	3,
			"position":	[300, 8, 200],
			"scale":	[0.40000000596046448, 0.40000000596046448, 0.40000000596046448],
			"rotation":	[0, 0, 0, 1],
			"filename":	"prefabs/house_test/scene.gltf",
			"type":	"PREFAB"
		}, {
			"name":	"sign",
			"layers":	3,
			"position":	[118, 48, -400],
			"scale":	[60.000019073486328, 59.999996185302734, 60.000019073486328],
			"rotation":	[0, 0.7968524694442749, 0, 0.60417395830154419],
			"filename":	"prefabs/sign.glb",
			"type":	"PREFAB"
		}, {
			"name":	"house",
			"layers":	3,
			"position":	[300, 20, -200],
			"scale":	[0.40000000596046448, 0.40000000596046448, 0.40000000596046448],
			"rotation":	[0, 0, 0, 1],
			"filename":	"prefabs/house_test/scene.gltf",
			"type":	"PREFAB"
		}, {
			"name":	"trash",
			"layers":	3,
			"position":	[140, 10, 110],
			"scale":	[0.5, 0.5, 0.5],
			"rotation":	[0, 0, 0, 1],
			"filename":	"prefabs/trash_can/scene.gltf",
			"type":	"PREFAB"
		}, {
			"name":	"tree",
			"layers":	3,
			"position":	[47.999969482421875, 9, 374.00009155273438],
			"scale":	[111.23703765869141, 111.23711395263672, 111.23703765869141],
			"rotation":	[7.69139660405926e-07, 0.92447942495346069, 7.69139546719089e-07, 0.381231814622879],
			"filename":	"prefabs/tree.glb",
			"type":	"PREFAB"
		}, {
			"name":	"spot",
			"layers":	3,
			"position":	[0, 36, -16],
			"scale":	[1.0000005960464478, 1, 1.0000005960464478],
			"rotation":	[-1.18892387490632e-06, 0.92387950420379639, -1.18892410228e-06, -0.38268354535102844],
			"color":	[1, 0.89999997615814209, 0.800000011920929],
			"intensity":	1.2680000066757202,
			"max_dist":	1000,
			"cast_shadows":	true,
			"near_dist":	0.10000000149011612,
			"cone_start":	25,
			"cone_end":	39.049999237060547,
			"light_type":	"SPOT",
			"type":	"LIGHT"
		}, {
			"name":	"pointlight",
			"layers":	3,
			"position":	[-187, 38, -156],
			"scale":	[1, 1, 1],
			"rotation":	[0, 0, 0, 1],
			"color":	[1, 0.20000000298023224, 0.10000000149011612],
			"intensity":	2.5,
			"max_dist":	70,
			"cast_shadows":	false,
			"near_dist":	0.10000000149011612,
			"light_type":	"POINT",
			"type":	"LIGHT"
		}, {
			"name":	"pointlight2",
			"layers":	3,
			"position":	[-131, 38, -205],
			"scale":	[1, 1, 1],
			"rotation":	[0, 0, 0, 1],
			"color":	[1, 0.20000000298023224, 0.10000000149011612],
			"intensity":	2.5,
			"max_dist":	70,
			"cast_shadows":	false,
			"near_dist":	0.10000000149011612,
			"light_type":	"POINT",
			"type":	"LIGHT"
		}, {
			"name":	"moonlight",
			"layers":	3,
			"position":	[150, 300, 50],
			"scale":	[1, 1.0000001192092896, 1],
			"rotation":	[-0.3541179895401001, 0.49672037363052368, 0.23217633366584778, 0.75760382413864136],
			"color":	[0.10000000149011612, 0.20000000298023224, 0.40000000596046448],
			"intensity":	1.5,
			"max_dist":	1000,
			"cast_shadows":	true,
			"near_dist":	-500,
			"area":	1000,
			"light_type":	"DIRECTIONAL",
			"type":	"LIGHT"
		}, {
			"name":	"pointlight",
			"layers":	3,
			"position":	[144, 116, 690],
			"scale":	[1, 1, 1],
			"rotation":	[0, 0, 0, 1],
			"color":	[1, 0.68235290050506592, 0.100000023841858],
			"intensity":	2.5,
			"max_dist":	70,
			"cast_shadows":	false,
			"near_dist":	0.10000000149011612,
			"light_type":	"POINT",
			"type":	"LIGHT"
		}, {
			"name":	"floor2",
			"layers":	3,
			"position":	[0, 0, 596],
			"scale":	[10, 10, 10],
			"rotation":	[0, 0, 0, 1],
			"filename":	"prefabs/road/road.gltf",
			"type":	"PREFAB"
		}, {
			"name":	"floor2",
			"layers":	3,
			"position":	[0, 0, 900],
			"scale":	[10, 10, 10],
			"rotation":	[0, 0, 0, 1],
			"filename":	"prefabs/road/road.gltf",
			"type":	"PREFAB"
		}, {
			"name":	"floor2",
			"layers":	3,
			"position":	[0, 0, 1183],
			"scale":	[10, 10, 10],
			"rotation":	[0, 0, 0, 1],
			"filename":	"prefabs/road/road.gltf",
			"type":	"PREFAB"
		}, {
			"name":	"house",
			"layers":	3,
			"position":	[300, 8, 623],
			"scale":	[0.40000000596046448, 0.40000000596046448, 0.40000000596046448],
			"rotation":	[0, 0, 0, 1],
			"filename":	"prefabs/house_test/scene.gltf",
			"type":	"PREFAB"
		}, {
			"name":	"house",
			"layers":	3,
			"position":	[300, 8, 1038],
			"scale":	[0.40000000596046448, 0.40000000596046448, 0.40000000596046448],
			"rotation":	[0, 0, 0, 1],
			"filename":	"prefabs/house_test/scene.gltf",
			"type":	"PREFAB"
		}, {
			"name":	"pointlight",
			"layers":	3,
			"position":	[115, 34, 1140],
			"scale":	[1, 1, 1],
			"rotation":	[0, 0, 0, 1],
			"color":	[1, 0.68235290050506592, 0.100000023841858],
			"intensity":	2.5,
			"max_dist":	70,
			"cast_shadows":	false,
			"near_dist":	0.10000000149011612,
			"light_type":	"POINT",
			"type":	"LIGHT"
		}, {
			"name":	"pointlight",
			"layers":	3,
			"position":	[44, 34, 717],
			"scale":	[1, 1, 1],
			"rotation":	[0, 0, 0, 1],
			"color":	[1, 0.68235290050506592, 0.100000023841858],
			"intensity":	2.5,
			"max_dist":	70,
			"cast_shadows":	false,
			"near_dist":	0.10000000149011612,
			"light_type":	"POINT",
			"type":	"LIGHT"
		}, {
			"name":	"car1",
			"layers":	3,
			"position":	[-38.98773193359375, 0, 757.013427734375],
			"scale":	[1, 1, 1],
			"rotation":	[0, 0.38268345594406128, 0, 0.92387950420379639],
			"filename":	"prefabs/gmc/scene.gltf",
			"type":	"PREFAB"
		}, {
			"name":	"car1",
			"layers":	3,
			"position":	[-138.6898193359375, 0, 428.20877075195312],
			"scale":	[1, 1, 1],
			"rotation":	[0, 0.38268345594406128, 0, 0.92387950420379639],
			"filename":	"prefabs/gmc/scene.gltf",
			"type":	"PREFAB"
		}, {
			"name":	"car1",
			"layers":	3,
			"position":	[-185.35881042480469, 0, 978.337890625],
			"scale":	[1, 1, 1],
			"rotation":	[0, 0.38268345594406128, 0, 0.92387950420379639],
			"filename":	"prefabs/gmc/scene.gltf",
			"type":	"PREFAB"
		}, {
			"name":	"spot",
			"layers":	3,
			"position":	[-36.769790649414062, 36.000587463378906, 529.886474609375],
			"scale":	[1.0000005960464478, 1, 1.0000005960464478],
			"rotation":	[-1.18892353384581e-06, 0.92387950420379639, -1.18892444334051e-06, -0.38268354535102844],
			"color":	[1, 0.89999997615814209, 0.800000011920929],
			"intensity":	1.2680000066757202,
			"max_dist":	1000,
			"cast_shadows":	false,
			"near_dist":	0.10000000149011612,
			"cone_start":	25,
			"cone_end":	39.049999237060547,
			"light_type":	"SPOT",
			"type":	"LIGHT"
		}, {
			"name":	"spot",
			"layers":	3,
			"position":	[-51.619308471679688, 36.001262664794922, 1089.2080078125],
			"scale":	[1.0000005960464478, 1, 1.0000005960464478],
			"rotation":	[-1.18892353384581e-06, 0.92387950420379639, -1.18892444334051e-06, -0.38268354535102844],
			"color":	[1, 0.89999997615814209, 0.800000011920929],
			"intensity":	1.2680000066757202,
			"max_dist":	1000,
			"cast_shadows":	false,
			"near_dist":	0.10000000149011612,
			"cone_start":	25,
			"cone_end":	39.049999237060547,
			"light_type":	"SPOT",
			"type":	"LIGHT"
		}, {
			"name":	"floor2",
			"layers":	3,
			"position":	[0, 0, 1466],
			"scale":	[10, 10, 10],
			"rotation":	[0, 0, 0, 1],
			"filename":	"prefabs/road/road.gltf",
			"type":	"PREFAB"
		}, {
			"name":	"floor2",
			"layers":	3,
			"position":	[0, 0, 1723],
			"scale":	[10, 10, 10],
			"rotation":	[0, 0, 0, 1],
			"filename":	"prefabs/road/road.gltf",
			"type":	"PREFAB"
		}, {
			"name":	"house",
			"layers":	3,
			"position":	[300, 8, 1403],
			"scale":	[0.40000000596046448, 0.40000000596046448, 0.40000000596046448],
			"rotation":	[0, 0, 0, 1],
			"filename":	"prefabs/house_test/scene.gltf",
			"type":	"PREFAB"
		}, {
			"name":	"house",
			"layers":	3,
			"position":	[300, 8, 1786],
			"scale":	[0.40000000596046448, 0.40000000596046448, 0.40000000596046448],
			"rotation":	[0, 0, 0, 1],
			"filename":	"prefabs/house_test/scene.gltf",
			"type":	"PREFAB"
		}, {
			"name":	"spot",
			"layers":	3,
			"position":	[-251.73036193847656, 36.000202178955078, 750.503662109375],
			"scale":	[1.0000005960464478, 1, 1.0000005960464478],
			"rotation":	[-1.18892353384581e-06, 0.92387950420379639, -1.18892444334051e-06, -0.38268354535102844],
			"color":	[1, 0.89999997615814209, 0.800000011920929],
			"intensity":	1.2680000066757202,
			"max_dist":	1000,
			"cast_shadows":	false,
			"near_dist":	0.10000000149011612,
			"cone_start":	25,
			"cone_end":	39.049999237060547,
			"light_type":	"SPOT",
			"type":	"LIGHT"
		}, {
			"name":	"spot",
			"layers":	3,
			"position":	[-209.30488586425781, 253.0010986328125, 1348.7158203125],
			"scale":	[0.99999982118606567, 0.99999994039535522, 1],
			"rotation":	[-0.51655477285385132, -0.38602715730667114, -0.28046339750289917, 0.71098136901855469],
			"color":	[1, 0.89999997615814209, 0.800000011920929],
			"intensity":	1.2680000066757202,
			"max_dist":	1000,
			"cast_shadows":	false,
			"near_dist":	0.10000000149011612,
			"cone_start":	25,
			"cone_end":	39.049999237060547,
			"light_type":	"SPOT",
			"type":	"LIGHT"
		}, {
			"name":	"car1",
			"layers":	3,
			"position":	[-188.18721008300781, 0, 1409.6729736328125],
			"scale":	[1, 1, 1],
			"rotation":	[0, 0.38268345594406128, 0, 0.92387950420379639],
			"filename":	"prefabs/gmc/scene.gltf",
			"type":	"PREFAB"
		}, {
			"name":	"car1",
			"layers":	3,
			"position":	[45.865135192871094, 0, 1536.2451171875],
			"scale":	[1, 1, 1],
			"rotation":	[0, 0.38268345594406128, 0, 0.92387950420379639],
			"filename":	"prefabs/gmc/scene.gltf",
			"type":	"PREFAB"
		}, {
			"name":	"tree",
			"layers":	3,
			"position":	[171.03390502929688, 8.9988002777099609, 1561.70703125],
			"scale":	[111.23703765869141, 111.23711395263672, 111.23703765869141],
			"rotation":	[7.69139660405926e-07, 0.92447942495346069, 7.69139546719089e-07, 0.381231814622879],
			"filename":	"prefabs/tree.glb",
			"type":	"PREFAB"
		}, {
			"name":	"tree",
			"layers":	3,
			"position":	[-158.41464233398438, 8.9986886978149414, 1772.2886962890625],
			"scale":	[111.23703765869141, 111.23711395263672, 111.23703765869141],
			"rotation":	[7.69139660405926e-07, 0.92447942495346069, 7.69139546719089e-07, 0.381231814622879],
			"filename":	"prefabs/tree.glb",
			"type":	"PREFAB"
		}
		, {
			"name":	"pointlight",
			"layers":	3,
			"position":	[44, 34, 717],
			"scale":	[1, 1, 1],
			"rotation":	[0, 0, 0, 1],
			"color":	[1, 0.68235290050506592, 0.100000023841858],
			"intensity":	2.5,
			"max_dist":	70,
			"cast_shadows":	false,
			"near_dist":	0.10000000149011612,
			"light_type":	"POINT",
			"type":	"LIGHT"
		}
		, {
			"name":	"pointlight",
			"layers":	3,
			"position":	[44, 34, 717],
			"scale":	[1, 1, 1],
			"rotation":	[0, 0, 0, 1],
			"color":	[1, 0.68235290050506592, 0.100000023841858],
			"intensity":	2.5,
			"max_dist":	70,
			"cast_shadows":	false,
			"near_dist":	0.10000000149011612,
			"light_type":	"POINT",
			"type":	"LIGHT"
		}
		, {
			"name":	"pointlight",
			"layers":	3,
			"position":	[44, 34, 717],
			"scale":	[1, 1, 1],
			"rotation":	[0, 0, 0, 1],
			"color":	[1, 0.68235290050506592, 0.100000023841858],
			"intensity":	2.5,
			"max_dist":	70,
			"cast_shadows":	false,
			"near_dist":	0.10000000149011612,
			"light_type":	"POINT",
			"type":	"LIGHT"
		}
		, {
			"name":	"pointlight",
			"layers":	3,
			"position":	[44, 34, 717],
			"scale":	[1, 1, 1],
			"rotation":	[0, 0, 0, 1],
			"color":	[1, 0.68235290050506592, 0.100000023841858],
			"intensity":	2.5,
			"max_dist":	70,
			"cast_shadows":	false,
			"near_dist":	0.10000000149011612,
			"light_type":	"POINT",
			"type":	"LIGHT"
		}, {
			"name":	"pointlight",
			"layers":	3,
			"position":	[44, 34, 717],
			"scale":	[1, 1, 1],
			"rotation":	[0, 0, 0, 1],
			"color":	[1, 0.68235290050506592, 0.100000023841858],
			"intensity":	2.5,
			"max_dist":	70,
			"cast_shadows":	false,
			"near_dist":	0.10000000149011612,
			"light_type":	"POINT",
			"type":	"LIGHT"
		}, {
			"name":	"pointlight",
			"layers":	3,
			"position":	[44, 34, 717],
			"scale":	[1, 1, 1],
			"rotation":	[0, 0, 0, 1],
			"color":	[1, 0.68235290050506592, 0.100000023841858],
			"intensity":	2.5,
			"max_dist":	70,
			"cast_shadows":	false,
			"near_dist":	0.10000000149011612,
			"light_type":	"POINT",
			"type":	"LIGHT"
		}, {
			"name":	"pointlight",
			"layers":	3,
			"position":	[44, 34, 717],
			"scale":	[1, 1, 1],
			"rotation":	[0, 0, 0, 1],
			"color":	[1, 0.68235290050506592, 0.100000023841858],
			"intensity":	2.5,
			"max_dist":	70,
			"cast_shadows":	false,
			"near_dist":	0.10000000149011612,
			"light_type":	"POINT",
			"type":	"LIGHT"
		}, {
			"name":	"pointlight",
			"layers":	3,
			"position":	[44, 34, 717],
			"scale":	[1, 1, 1],
			"rotation":	[0, 0, 0, 1],
			"color":	[1, 0.68235290050506592, 0.100000023841858],
			"intensity":	2.5,
			"max_dist":	70,
			"cast_shadows":	false,
			"near_dist":	0.10000000149011612,
			"light_type":	"POINT",
			"type":	"LIGHT"
		}, {
			"name":	"pointlight",
			"layers":	3,
			"position":	[44, 34, 717],
			"scale":	[1, 1, 1],
			"rotation":	[0, 0, 0, 1],
			"color":	[1, 0.68235290050506592, 0.100000023841858],
			"intensity":	2.5,
			"max_dist":	70,
			"cast_shadows":	false,
			"near_dist":	0.10000000149011612,
			"light_type":	"POINT",
			"type":	"LIGHT"
		}]
}